{
  "lang":"en",
  "name":"pipeline",
  "version":"0.0.0",
  "spacy_version":">=3.8.13,<3.9.0",
  "description":"",
  "author":"",
  "email":"",
  "url":"",
  "license":"",
  "spacy_git_version":"fdca647",
  "vectors":{
    "width":0,
    "vectors":0,
    "keys":0,
    "name":null,
    "mode":"default"
  },
  "labels":{
    "tok2vec":[

    ],
    "ner":[
      "CERTIFICATE",
      "DATE",
      "DEGREE",
      "GPE",
      "JOB_TITLE",
      "LANGUAGE",
      "ORG",
      "SCHOOL"
    ]
  },
  "pipeline":[
    "tok2vec",
    "ner"
  ],
  "components":[
    "tok2vec",
    "ner"
  ],
  "disabled":[

  ],
  "performance":{
    "ents_f":0.2561117579,
    "ents_p":0.7692307692,
    "ents_r":0.1536312849,
    "ents_per_type":{
      "JOB_TITLE":{
        "p":0.6956521739,
        "r":0.170212766,
        "f":0.2735042735
      },
      "GPE":{
        "p":0.25,
        "r":0.0144927536,
        "f":0.0273972603
      },
      "DEGREE":{
        "p":0.6842105263,
        "r":0.2203389831,
        "f":0.3333333333
      },
      "SKILL":{
        "p":0.0,
        "r":0.0,
        "f":0.0
      },
      "SCHOOL":{
        "p":0.6111111111,
        "r":0.186440678,
        "f":0.2857142857
      },
      "ORG":{
        "p":0.8285714286,
        "r":0.2148148148,
        "f":0.3411764706
      },
      "EMAIL":{
        "p":0.0,
        "r":0.0,
        "f":0.0
      },
      "DATE":{
        "p":0.6666666667,
        "r":0.05,
        "f":0.0930232558
      },
      "NAME":{
        "p":0.0,
        "r":0.0,
        "f":0.0
      },
      "CERTIFICATE":{
        "p":0.0,
        "r":0.0,
        "f":0.0
      },
      "LANGUAGE":{
        "p":0.9268292683,
        "r":1.0,
        "f":0.9620253165
      }
    },
    "tok2vec_loss":167.1111487345,
    "ner_loss":512.4896850586
  }
}