{
  "lang":"en",
  "name":"pipeline",
  "version":"0.0.0",
  "spacy_version":">=3.8.13,<3.9.0",
  "description":"",
  "author":"",
  "email":"",
  "url":"",
  "license":"",
  "spacy_git_version":"fdca647",
  "vectors":{
    "width":0,
    "vectors":0,
    "keys":0,
    "name":null,
    "mode":"default"
  },
  "labels":{
    "tok2vec":[

    ],
    "ner":[
      "CERTIFICATE",
      "DATE",
      "DEGREE",
      "EMAIL",
      "GPE",
      "JOB_TITLE",
      "LANGUAGE",
      "NAME",
      "ORG",
      "SCHOOL",
      "SKILL"
    ]
  },
  "pipeline":[
    "tok2vec",
    "ner"
  ],
  "components":[
    "tok2vec",
    "ner"
  ],
  "disabled":[

  ],
  "performance":{
    "ents_f":0.4683544304,
    "ents_p":0.5401459854,
    "ents_r":0.4134078212,
    "ents_per_type":{
      "NAME":{
        "p":0.9772727273,
        "r":0.9772727273,
        "f":0.9772727273
      },
      "JOB_TITLE":{
        "p":0.4574468085,
        "r":0.4574468085,
        "f":0.4574468085
      },
      "GPE":{
        "p":0.4047619048,
        "r":0.4927536232,
        "f":0.4444444444
      },
      "EMAIL":{
        "p":0.7551020408,
        "r":0.7551020408,
        "f":0.7551020408
      },
      "ORG":{
        "p":0.6206896552,
        "r":0.2666666667,
        "f":0.3730569948
      },
      "DEGREE":{
        "p":0.4833333333,
        "r":0.4915254237,
        "f":0.487394958
      },
      "SCHOOL":{
        "p":0.4680851064,
        "r":0.3728813559,
        "f":0.4150943396
      },
      "SKILL":{
        "p":0.3272727273,
        "r":0.140625,
        "f":0.1967213115
      },
      "DATE":{
        "p":0.3333333333,
        "r":0.275,
        "f":0.301369863
      },
      "CERTIFICATE":{
        "p":0.0,
        "r":0.0,
        "f":0.0
      },
      "LANGUAGE":{
        "p":0.9583333333,
        "r":0.6052631579,
        "f":0.7419354839
      }
    },
    "tok2vec_loss":131.2389640762,
    "ner_loss":2607.0561523438
  }
}