{
  "lang":"en",
  "name":"pipeline",
  "version":"0.0.0",
  "spacy_version":">=3.8.13,<3.9.0",
  "description":"",
  "author":"",
  "email":"",
  "url":"",
  "license":"",
  "spacy_git_version":"fdca647",
  "vectors":{
    "width":0,
    "vectors":0,
    "keys":0,
    "name":null,
    "mode":"default"
  },
  "labels":{
    "tok2vec":[

    ],
    "ner":[
      "CERTIFICATE",
      "DEGREE",
      "EMAIL",
      "GPE",
      "JOB_TITLE",
      "LANGUAGE",
      "NAME",
      "ORG",
      "SKILL"
    ]
  },
  "pipeline":[
    "tok2vec",
    "ner"
  ],
  "components":[
    "tok2vec",
    "ner"
  ],
  "disabled":[

  ],
  "performance":{
    "ents_f":0.6354963523,
    "ents_p":0.5342821466,
    "ents_r":0.7840209888,
    "ents_per_type":{
      "SKILL":{
        "p":0.5348201316,
        "r":0.8072396634,
        "f":0.6433812034
      },
      "NAME":{
        "p":0.0952380952,
        "r":0.006779661,
        "f":0.0126582278
      },
      "JOB_TITLE":{
        "p":0.4526315789,
        "r":0.1017751479,
        "f":0.1661835749
      },
      "GPE":{
        "p":0.0,
        "r":0.0,
        "f":0.0
      },
      "CERTIFICATE":{
        "p":0.0,
        "r":0.0,
        "f":0.0
      },
      "DEGREE":{
        "p":0.2545454545,
        "r":0.1238938053,
        "f":0.1666666667
      },
      "LANGUAGE":{
        "p":0.0,
        "r":0.0,
        "f":0.0
      },
      "EMAIL":{
        "p":0.8666666667,
        "r":0.3113772455,
        "f":0.4581497797
      },
      "ORG":{
        "p":0.0,
        "r":0.0,
        "f":0.0
      }
    },
    "tok2vec_loss":8186.3869393761,
    "ner_loss":17418.5859375
  }
}